{
    "rmse": 1.3019968831153101,
    "mae": 1.6951958836419825,
    "r2": 0.9995020906376728
}